library,avg_time_s,sd_time_s,min_time_s,max_time_s,avg_mem_MB,max_mem_MB
pandas,0.001644,0.0001035,0.00094,0.00402,0.30425,0.566
polars,0.0003205,6.500000000000001e-05,0.00017,0.00111,0.002,0.002
pyreadr,0.009660499999999999,0.00029949999999999996,0.00027,0.05245,0.1674,1.419
