library,avg_time_s,min_time_s,max_time_s,sd_time_s
pandas,0.0005745,0.00026,0.00201,9.449999999999999e-05
polars,0.000548,7e-05,0.03541,0.0008284999999999999
pyreadr,0.001879,9e-05,0.00714,0.0001
