id,worm,bloss
1.0,32.0,6.96999979019165
2.0,89.0,17.0
3.0,92.0,18.34000015258789
4.0,114.0,31.239999771118164
5.0,220.0,5.03000020980835
6.0,228.0,11.039999961853027
7.0,259.0,5.599999904632568
8.0,525.0,36.79999923706055
9.0,545.0,33.900001525878906
10.0,594.0,33.79999923706055
11.0,682.0,43.0
12.0,911.0,54.720001220703125
13.0,1012.0,86.6500015258789
14.0,1054.0,40.400001525878906
15.0,1929.0,77.30000305175781
